{
  "actions": {
    "mean": [
      228.23965454101562,
      293.9891357421875
    ],
    "std": [
      101.59954833984375,
      96.03929138183594
    ]
  },
  "states": {
    "mean": [
      228.23965454101562,
      293.9891357421875
    ],
    "std": [
      101.59954833984375,
      96.03929138183594
    ]
  },
  "n_samples": 25650
}